192.168.203.252,ADMN0168
192.168.61.14,ADMN0061
192.168.85.90,ADMN0076
192.168.60.251,ADMN0323
192.168.221.251,ADMN0594
192.168.159.252,ADMN0010
192.168.11.236,ADMN0005
192.168.126.252,ADMN0024
192.168.16.249,ADMN0018
192.168.241.22,ADMN0280
192.168.241.30,ADMN1280
192.168.241.38,ADMN1005
192.168.241.42,ADMN2005
192.168.232.29,ADMN0591
192.168.10.253,ADMN0446
192.168.244.90,ADMN0611
192.168.237.24,ADMN0609
192.168.70.214,ADMN1010
192.168.42.250,ADMN0278
192.168.160.31,ASLN0003
192.168.27.252,ASLN0027
192.168.131.4,ASLN0131
192.168.28.111,ASLN0028
192.168.33.252,ASLN0026
192.168.57.203,ASLN0059
192.168.10.131,ASLN0436
192.168.151.19,ASLN0124
192.168.6.16,ASLN0122
192.168.174.180,BALN0197
192.168.171.4,BALN0163
192.168.73.50,BALN0334
192.168.170.10,BALN0145
192.168.183.105,BALN0228
192.168.243.4,BALN0017
192.168.200.75,BALN0511
192.168.183.41,BALN0227
192.168.172.204,BALN0337
192.168.3.244,CFDN1222
192.168.175.4,CFDN0185
192.168.123.94,CFDN0004
192.168.179.188,CFDN0395
192.168.187.180,CFDN0249
192.168.223.4,CFDN0155
192.168.215.4,CFDN0158
10.1.15.7,CFDN0222
192.168.103.226,CFDN0373
192.168.103.230,CFDN0424
192.168.103.138,CFDN0118
192.168.79.60,CFDN0048
192.168.70.78,CFDN1004
192.168.37.197,CHRN0037
192.168.83.252,CHRN0085
192.168.193.8,CHRN0281
192.168.106.8,CHRN0338
192.168.193.79,CHRN0296
192.168.185.140,CHRN0244
192.168.44.4,DDWN0045
192.168.196.99,DDWN0246
192.168.106.39,DDWN0393
192.168.166.40,DDWN0013
192.168.70.190,DDWN0282
192.168.202.75,DDWN0100
192.168.70.106,DDWN0074
192.168.193.102,DDWN0295
192.168.135.4,DDWN0038
192.168.104.75,DDWN0101
192.168.185.91,DDWN0239
192.168.39.78,DDWN0418
192.168.15.29,DDWN0283
192.168.63.245,DDWN0063
192.168.238.39,DDWN0248
192.168.185.102,DDWN0245
192.168.221.198,DDWN0411
192.168.70.210,DDWN0478
192.168.89.210,EFDN0107
192.168.90.190,EFDN0110
192.168.195.252,EFDN0414
192.168.241.2,EFDN0474
192.168.120.197,EFDN1474
192.168.173.252,EFDN0180
192.168.187.121,EFDN0070
192.168.38.245,EFDN0035
192.168.22.50,NFDN0081
192.168.10.181,EFDN0154
192.168.150.132,EFDN0577
192.168.241.14,EFDN1577
192.168.241.178,EFDN0388
192.168.85.155,EFDN0460
192.168.102.215,EFDN0102
192.168.150.59,EFDN0539
192.168.197.133,HWSN0106
192.168.14.110,HWSN0378
192.168.192.77,HWSN0259
192.168.240.20,HWSN0352
192.168.144.26,HWSN0488
192.168.190.124,HWSN0311
192.168.229.59,HWSN0583
192.168.139.26,HWSN0040
192.168.29.26,HWSN0299
192.168.70.102,HWSN1041
192.168.233.39,HSNN0093
192.168.189.20,HSNN0329
192.168.229.154,HSNN0162
192.168.175.188,HSNN0176
192.168.118.190,JMAN0116
192.168.178.90,JMAN0199
192.168.113.245,JMAN0114
192.168.218.109,JMAN0419
192.168.167.90,JMAN0141
192.168.85.24,JMAN0342
192.168.39.174,JMAN1213
192.168.187.57,JMAN0213
192.168.211.90,JMAN0153
192.168.35.190,JMAN0033
192.168.88.37,JMAN0314
192.168.173.154,JMAN0139
192.168.218.216,JMAN0500
192.168.171.40,JMAN0159
192.168.206.180,MKLN0148
192.168.191.7,NEKN0290
192.168.20.6,NEKN0016
192.168.32.4,NEKN0029
192.168.130.7,NEKN0039
192.168.186.99,NEKN0186
192.168.119.4,NEKN0108
192.168.182.100,NEKN0218
192.168.108.4,NEKN0098
192.168.9.4,NEKN0007
192.168.180.50,NEKN0207
192.168.144.125,NEKN0570
192.168.79.202,NEKN0345
192.168.58.29,NFDN0137
192.168.136.252,NFDN0032
192.168.172.85,NFDN0175
192.168.5.222,NFDN0080
192.168.219.250,NFDN0157
192.168.248.198,NFDN0193
192.168.21.252,NFDN0023
192.168.252.217,NFDN0732
192.168.218.251,NFDN0575
192.168.99.25,NFDN0092
192.168.194.155,NFDN0391
192.168.180.249,NFDN0302
192.168.241.10,NFDN0331
192.168.157.210,SHAN0146
192.168.34.210,SHAN0025
192.168.70.110,SHAN0150
192.168.42.195,SHAN0279
192.168.109.245,SHAN0099
192.168.117.4,SHAN0115
192.168.186.180,SHAN0346
192.168.8.210,SHAN0006
192.168.194.187,SHAN0332
192.168.192.60,SHAN0265
192.168.144.59,SHAN0512
192.168.198.67,SFDN0253
192.168.198.228,SFDN0126
192.168.192.246,SFDN0292
192.168.188.210,SFDN0073
192.168.181.185,SFDN0235
192.168.176.37,SFDN0174
192.168.172.10,SFDN0166
192.168.60.42,SFDN0343
192.168.172.125,SFDN0079
192.168.158.245,SFDN0309
192.168.240.133,SFDN0083
192.168.19.190,SFDN0020
192.168.241.6,SFDN0629
192.168.176.89,SFDN0156
192.168.103.210,SFDN0458
192.168.55.218,SFDN1458
192.168.70.222,SFDN1126
192.168.97.254,WFDN0088
192.168.172.252,WFDN0181
192.168.103.62,WFDN0128
192.168.112.210,WFDN0011
192.168.194.4,WFDN0333
192.168.12.68,WFDN0312
192.168.189.85,WFDN0303
192.168.194.120,WFDN0376
192.168.87.117,WFDN0097
192.168.179.250,WFDN0385
192.168.106.91,WFDN0472
10.1.15.132,WFD0002
192.168.161.59,BILI0001